<?xml version="1.0"?>
<!--<!DOCTYPE metadata SYSTEM "http://www.esri.com/metadata/esriprof80.dtd">-->
<metadata xml:lang="en"><Esri><CreaDate>20221128</CreaDate><CreaTime>19215100</CreaTime><SyncOnce>TRUE</SyncOnce><ArcGISFormat>1.0</ArcGISFormat></Esri><idinfo><citation><citeinfo><onlink Sync="TRUE">\\Richter\Courses\Development\spag90.034.v2.0\data\database\miscellaneous\ridges</onlink></citeinfo></citation></idinfo><distInfo><distributor><distorTran><onLineSrc><linkage Sync="TRUE">file://\\Richter\Courses\Development\spag90.034.v2.0\data\database\miscellaneous\ridges</linkage><protocol Sync="TRUE">Local Area Network</protocol></onLineSrc></distorTran></distributor></distInfo><dataqual><lineage><procstep><procdesc Sync="TRUE">Dataset copied.</procdesc><srcused Sync="TRUE">F:\spag90.034.v2.0\data\Database\Tahoe\Derived\ridges</srcused><date Sync="TRUE">20040318</date><time Sync="TRUE">10471800</time></procstep></lineage></dataqual></metadata>
